file,company_names
AmcEntertainmentInc_20140401_S-4_EX-3.15.txt,American Multi-Cinema Inc
AmcEntertainmentInc_20140401_S-4_EX-3.15.txt,Wanda AMC Releasing LLC
AmcEntertainmentInc_20140401_S-4_EX-3.15.txt,AMC ENTERTAINMENT INC
AcadiaHealthcareCompanyInc_20140306_S-4_EX-3.6.txt,Abilene Holding Company LLC
AcadiaHealthcareCompanyInc_20140306_S-4_EX-3.6.txt,Acadia Healthcare Company Inc
AmarkPreciousMetalsInc_20150210_10-Q_EX-10.1.txt,A-M Global Logistics LLC
AmarkPreciousMetalsInc_20150210_10-Q_EX-10.1.txt,A-MARK PRECIOUS METALS INC
BluerockResidentialGrowthReitInc_20140813_10-Q_EX-10.12.txt,BLUEROCK RESIDENTIAL GROWTH REIT INC
BluerockResidentialGrowthReitInc_20140813_10-Q_EX-10.12.txt,BR SOIF II MANAGER LLC
BluerockResidentialGrowthReitInc_20140813_10-Q_EX-10.12.txt,Bluerock Special Opportunity + Income Fund II LLC
BluerockResidentialGrowthReitInc_20140813_10-Q_EX-10.12.txt,BR Oak Crest Villas LLC
AcadiaHealthcareCompanyInc_20140306_S-4_EX-3.8.txt,Acadia Management Company LLC
AcadiaHealthcareCompanyInc_20140306_S-4_EX-3.8.txt,Acadia Healthcare Company Inc
AtlasResourcePartnersLp_20131126_S-4A_EX-3.6.txt,ARP Barnett Pipeline LLC
AtlasResourcePartnersLp_20131126_S-4A_EX-3.6.txt,ARP Barnett LLC
AxiallCorpde_20140325_S-4_EX-3.10.txt,Axiall LLC
AxiallCorpde_20140325_S-4_EX-3.10.txt,Georgia Gulf Chemicals & Vinyls LLC
AxiallCorpde_20140325_S-4_EX-3.10.txt,Axiall Holdco Inc
AcadiaHealthcareCompanyInc_20140306_S-4_EX-3.20.txt,Acadia Healthcare Company Inc
AcadiaHealthcareCompanyInc_20140306_S-4_EX-3.20.txt,Austin Behavioral Hospital LLC
BrookstoneHoldingsCorp_20140620_T-3_EX-99.T3B.7.txt,BROOKSTONE HOLDINGS INC
BrookstoneHoldingsCorp_20140620_T-3_EX-99.T3B.7.txt,BIG BLUE AUDIO LLC
BerryPetroleumCompanyLlc_20131220_8-K_EX-3.2.txt,Bacchus HoldCo Inc
BerryPetroleumCompanyLlc_20131220_8-K_EX-3.2.txt,Berry Petroleum Company LLC
AvintivSpecialtyMaterialsInc_20150514_S-4_EX-3.14.txt,Old Hickory Steamworks LLC
AvintivSpecialtyMaterialsInc_20150514_S-4_EX-3.14.txt,Fiberweb Inc
AvintivSpecialtyMaterialsInc_20150514_S-4_EX-3.14.txt,AVINTIV SPECIALTY MATERIALS INC
AtrinsicInc_20140702_10-12G_EX-10.4.txt,Atrinsic Inc
AtrinsicInc_20140702_10-12G_EX-10.4.txt,MOMSPOT LLC
AtrinsicInc_20140702_10-12G_EX-10.4.txt,Be Global LLC
AtrinsicInc_20140702_10-12G_EX-10.4.txt,Atrinsic Inc
AdvancedDrainageSystemsInc_20140606_S-1A_EX-10.24.txt,ADVANCED DRAINAGE SYSTEMS INC
AdvancedDrainageSystemsInc_20140606_S-1A_EX-10.24.txt,AccuBid Civil Construction Inc
AdvancedDrainageSystemsInc_20140606_S-1A_EX-10.24.txt,BaySaver Technologies Inc
AdvancedDrainageSystemsInc_20140606_S-1A_EX-10.24.txt,BaySaver Technologies LLC
AdvancedDrainageSystemsInc_20140606_S-1A_EX-10.24.txt,ADS Ventures Inc
AdvancedDrainageSystemsInc_20140606_S-1A_EX-10.24.txt,Mid-Atlantic Mid-Atlantic Storm Water Research Center Inc
AdvancedDrainageSystemsInc_20140606_S-1A_EX-10.24.txt,Highbank Advisors LLC
AdvancedDrainageSystemsInc_20140606_S-1A_EX-10.24.txt,Contech Engineering Solutions LLC
AdvancedDrainageSystemsInc_20140606_S-1A_EX-10.24.txt,Mid Atlantic Storm Water Research Center Inc
99CentsOnlyStoresLlc_20131108_10-Q_EX-3.2.txt,99 Cents Only Stores LLC
99CentsOnlyStoresLlc_20131108_10-Q_EX-3.2.txt,Number Holdings Inc
CashAmericaInternationalInc_20131112_S-4_EX-3.9.txt,AEL Net Marketing LLC
CashAmericaInternationalInc_20131112_S-4_EX-3.9.txt,Cash America Net Holdings LLC
CashAmericaInternationalInc_20131112_S-4_EX-3.9.txt,Capitol Services Inc
CashAmericaInternationalInc_20131112_S-4_EX-3.9.txt,CASH AMERICA INTERNATIONAL INC
CaliforniaResourcesCorp_20150312_S-4_EX-3.23.txt,The LLC
CaliforniaResourcesCorp_20150312_S-4_EX-3.23.txt,OXY Wilmington LLC
CaliforniaResourcesCorp_20150312_S-4_EX-3.23.txt,CALIFORNIA RESOURCES CORP S-4 3/12/2015 OXY Tidelands Inc
CaliforniaResourcesCorp_20150312_S-4_EX-3.23.txt,`` LLC
CaliforniaResourcesCorp_20150312_S-4_EX-3.23.txt,OXY Wilmington OXY Tidelands Inc
CardtronicsInc_20150605_S-4_EX-3.13.txt,Cardtronics Inc
CardtronicsInc_20150605_S-4_EX-3.13.txt,ATM National LLC
ApxGroupHoldingsInc_20141218_S-4_EX-3.18.txt,AP AL LLC
ApxGroupHoldingsInc_20141218_S-4_EX-3.18.txt,Farmington IP LLC
ApxGroupHoldingsInc_20141218_S-4_EX-3.18.txt,APX GROUP HOLDINGS INC
ApxGroupHoldingsInc_20141218_S-4_EX-3.18.txt,IPR LLC
AxiallCorpde_20140325_S-4_EX-3.16.txt,PPG INDUSTRIES INC
AxiallCorpde_20140325_S-4_EX-3.16.txt,Axiall Ohio Inc
AxiallCorpde_20140325_S-4_EX-3.16.txt,Eagle Natrium LLC
AvivHealthcarePropertiesLp_20131031_S-4_EX-3.289.txt,FLORIDA FOUR PROPERTIES LLC
AvivHealthcarePropertiesLp_20131031_S-4_EX-3.289.txt,AVIV REIT INC
AvivHealthcarePropertiesLp_20131031_S-4_EX-3.289.txt,AVIV FINANCING II LLC
